disease,nesting_disease,historical_disease_family,historical_disease,historical_disease_subclass,icd_7,icd_7_subclass,icd_9,icd_9_subclass,dataset_id,cleaned_category,infection_type,infectious_agent,body_system_primarily_affected,organ_primarily_affected,additional_info,missing_info,pattern_family,pattern,pattern_subclass,exact_family,exact,exact_subclass,link_family,link,link_subclass,notes
AIDS,,,AIDS,,,,042-044,,cdi_ca_1984-89_4wk_prov_statcan,STI,viral,HIV,unspecified,,,,,hiv,,,.hiv. disease$,,,,,
AIDS,,,AIDS**,,,,042-044,,cdi_ca_1993-2001_quart_prov_hc,STI,viral,HIV,unspecified,,,,,hiv,,,.hiv. disease$,,,,,
Creutzfeldt-Jakob-disease,,,Creutzfeld Jakob Disease,,,,046.1,,cdi_ca_1993-2001_quart_prov_hc,,prion,prion,neuromuscular,,,,,creu,,,creu,,,https://en.wikipedia.org/wiki/Creutzfeldt%E2%80%93Jakob_disease,,
HIV,AIDS,,Human Immunodeficiency Virus,,,,,,cdi_ca_1993-2001_quart_prov_hc,STI,viral,HIV,unspecified,,,,,hiv,,,.hiv. disease$,,,,,
STI-chancroid-granuloma-inguinale-lymhpogranuloma-venereum,,,Venereal diseases,Other venereal diseases,,,,,cdi_ca_1956_wk_prov_dbs,STI,unspecified,unspecified,urogenital,,,,,,,,,,,https://en.wikipedia.org/wiki/Sexually_transmitted_infection,https://en.wikipedia.org/wiki/Sexually_transmitted_infection,
STI-chancroid-granuloma-inguinale-lymhpogranuloma-venereum,,,Venereal diseases,Other,,036-039,,,cdi_ca_1959_wk_prov_dbs_w4_52,STI,unspecified,unspecified,urogenital,,,,,,,,,,,https://en.wikipedia.org/wiki/Sexually_transmitted_infection,,
STI-chancroid-granuloma-inguinale-lymhpogranuloma-venereum,,Venereal diseases,Other,,"099.0, 099.1, 099.2",,,,cdi_ca_1969_wk_prov,STI,unspecified,unspecified,urogenital,,,,,,,,,,https://en.wikipedia.org/wiki/Sexually_transmitted_infection,,,
STI-chancroid-granuloma-inguinale-lymhpogranuloma-venereum,,,"Other 
Chacroid, Granuloma inguinale, Lymhpogranuloma venereum",,"099.0
099.1
099.2",,,,cdi_ca_1975_wk_prov_statcan,,,,,,,,,,,,,,,,,
STI-chancroid-granuloma-inguinale-lymhpogranuloma-venereum,,,Other venereal diseases,,099.0-099.2,,,,cdi_ca_1976_wk_prov_statcan,STI,unspecified,unspecified,urogenital,,,,,,,,,,,https://en.wikipedia.org/wiki/Sexually_transmitted_infection,,
STI-chancroid-granuloma-inguinale-lymhpogranuloma-venereum,,,Other VD,,,,,,cdi_otherVD_ca_1944-55_wk_prov,STI,unspecified,unspecified,urogenital,,,,,,,,,,,,,
STI_all-gonorrhoea-syphilis-chancroid-granuloma-inguinale-lymphogranuloma-venereum,,,Venereal diseases,,,,,,cdi_ca_1956_wk_prov_dbs,STI,unspecified,unspecified,unspecified,,sum,,,,,,,,,https://en.wikipedia.org/wiki/Sexually_transmitted_infection,,
Western-Equine-encephalitis,encephalitis,Virus diseases of central nervous system,Western equine encephalitis,,062.1,,,,cdi_ca_1969_wk_prov,,viral,Western-equine-encephalitis-virus,CNS,,,,,encephalitis,,,,,,https://en.wikipedia.org/wiki/Western_equine_encephalitis_virus,,
Western-Equine-encephalitis,encephalitis,,Western Equine Encephalitis,,062.1,,,,cdi_ca_1975_wk_prov_statcan,,viral,Western-equine-encephalitis-virus,CNS,,,,,encephalitis,,,,,,https://en.wikipedia.org/wiki/Western_equine_encephalitis_virus,,
acute-flaccid-paralysis,,,Acute Flaccid Paralysis,,,,045,,cdi_ca_1993-2001_quart_prov_hc,,unspecified,unspecified,neuromuscular,,,,,polio|botu,,,,,,https://www.canada.ca/en/public-health/services/diseases/acute-flaccid-myelitis.html,,
amoebic-dysentery,dysentery,,Dysentery,Amoebic,,,,,cdi_ca_1956_wk_prov_dbs,intestinal-infectious-disease,amoeba,Entamoeba-histolytica,GI,,,,,diar.*ea,,,^diar.*ea,,,,,
amoebic-dysentery,dysentery,,Dysentery,Amoebic,,046,,,cdi_ca_1959_wk_prov_dbs_w4_52,intestinal-infectious-disease,amoeba,Entamoeba-histolytica,GI,,,,,diar.*ea,,,^diar.*ea,,,,,
amoebic-dysentery,dysentery,,Amoebiasis,,,,006,,cdi_ca_1979-83_4wk_prov_statcan,intestinal-infectious-disease,amoeba,Entamoeba-histolytica,GI,,,,,^amebia,,,^amebiasis$,,,https://en.wikipedia.org/wiki/Amoebiasis,,
amoebic-dysentery,dysentery,,Dysentery (Amoebic),,,,,,cdi_dysam_ca_1927-55_wk_prov,intestinal-infectious-disease,amoeba,Entamoeba-histolytica,GI,,,,,^amebia,,,^amebiasis$,,,https://en.wikipedia.org/wiki/Amoebiasis,,
anthrax,,,Anthrax,,,,022,,cdi_ca_1979-83_4wk_prov_statcan,,bacterial,Bacillus-anthrax,unspecified,,,,,anthrax,,,anthrax,,,,,
bacillary-dysentery,dysentery,,Dysentery,Bacillary,,,,,cdi_ca_1956_wk_prov_dbs,intestinal-infectious-disease,bacterial,Shigella,GI,,,,,diar.*ea,,,^diar.*ea,,,,,
bacillary-dysentery,dysentery,,Dysentery,Bacillary,,045,,,cdi_ca_1959_wk_prov_dbs_w4_52,intestinal-infectious-disease,bacterial,Shigella,GI,,,,,diar.*ea,,,^diar.*ea,,,,,
bacillary-dysentery,dysentery,Intestinal infectious diseases,Bacillary dysentery,,004,,,,cdi_ca_1969_wk_prov,intestinal-infectious-disease,bacterial,Shigella,GI,,,,,shig,,,shig,,https://en.wikipedia.org/wiki/Intestinal_infectious_diseases,https://en.wikipedia.org/wiki/Bacillary_dysentery,,
bacillary-dysentery,dysentery,,Bacillary dysentery,,004,,,,cdi_ca_1975_wk_prov_statcan,intestinal-infectious-disease,bacterial,Shigella,GI,,,,,shig,,,shig,,,https://en.wikipedia.org/wiki/Bacillary_dysentery,,
bacillary-dysentery,dysentery,,Dysentery (Bacillary),,,,,,cdi_dysbac_ca_1924-55_wk_prov,intestinal-infectious-disease,bacterial,Shigella,GI,,,,,shig,,,shig,,,https://en.wikipedia.org/wiki/Bacillary_dysentery,,
botulism,,,Botulism,,,,,,cdi_bot_ca_1933-55_wk_prov,intestinal-infectious-disease,bacterial,Clostridium-botulinum,GI,,,,,botu,,,botu,,,https://en.wikipedia.org/wiki/Botulism,,
botulism,,,Food Poisoning (bacterial),Botulism,,005.1,,,cdi_ca_1975_wk_prov_statcan,intestinal-infectious-disease,bacterial,Clostridium-botulinum,GI,,food-borne,,,food,,,,,,,,
botulism,,,Botulism,,,,005.1,,cdi_ca_1979-83_4wk_prov_statcan,intestinal-infectious-disease,bacterial,Clostridium-botulinum,GI,,,,,botu,,,botu,,,https://en.wikipedia.org/wiki/Botulism,,
botulism_ex-salmonella,botulism,Intestinal infectious diseases,Food poisoning (bacterial) (excludes Salmonella food poisoning),Botulism,,005.1,,,cdi_ca_1969_wk_prov,intestinal-infectious-disease,bacterial,Clostridium-botulinum,GI,,food-borne,,,food,,,,,https://en.wikipedia.org/wiki/Intestinal_infectious_diseases,,,
brucellosis,,,Undulant fever,,,,,,cdi_ca_1956_wk_prov_dbs,,bacterial,Brucella,unspecified,,,,,brucel,,,brucel,,,https://en.wikipedia.org/wiki/Brucellosis,,
brucellosis,,,Brucellosis (Undulant fever),,044,,,,cdi_ca_1959_wk_prov_dbs_w4_52,,bacterial,Brucella,unspecified,,,,,bruc,,,bruc,,,,,
brucellosis,,,Brucellosis,,,,023,,cdi_ca_1979-83_4wk_prov_statcan,,bacterial,Brucella,unspecified,,,,,bruc,,,bruc,,,https://en.wikipedia.org/wiki/Brucellosis,,
brucellosis,,,Undulent_Fever (Malta Fever),,,,,,cdi_uf_ca_1928-55_wk_prov,,bacterial,Brucella,unspecified,,,,,brucel,,,brucel,,,https://en.wikipedia.org/wiki/Brucellosis,,
brucellosis,,,Undulent_Fever,,,,,,cdi_uf_ca_1928-55_wk_prov,,bacterial,Brucella,unspecified,,,,,brucel,,,brucel,,,https://en.wikipedia.org/wiki/Brucellosis,,
campylobacteriosis,,,Campylobacteriosis,,,,008.41,,cdi_ca_1984-89_4wk_prov_statcan,,bacterial,Campylobacter,GI,,,,,diar.*ea,,,^diar.*ea,,,https://en.wikipedia.org/wiki/Campylobacteriosis,,
campylobacteriosis,,,Campylobacteriosis,,,,008.41*,,cdi_ca_1990-1992_mn_prov_hc,,bacterial,Campylobacter,GI,,,,,diar.*ea,,,^diar.*ea,,,https://en.wikipedia.org/wiki/Campylobacteriosis,,
chancroid,,,Chancroid,,,,099.0,,cdi_ca_1979-83_4wk_prov_statcan,STI,bacterial,Haemophilus-ducreyi,urogenital,,,,,canc,,,canc,,,https://en.wikipedia.org/wiki/Chancroid,,
chancroid,,,Chancroid,,,,,,cdi_chanc_ca_1924-55_wk_prov,STI,bacterial,Haemophilus-ducreyi,urogenital,,,,,canc,,,canc,,,https://en.wikipedia.org/wiki/Chancroid,,
chickenpox,,,Chickenpox,,,,,,cdi_ca_1956_wk_prov_dbs,,viral,varicella-zoster,skin,,,,,chickenpox,,,chickenpox,,,https://en.wikipedia.org/wiki/Chickenpox,,
chickenpox,,,Chickenpox,,,,052,,cdi_ca_1984-89_4wk_prov_statcan,,viral,varicella-zoster,skin,,,,,chickenpox,,,chickenpox,,,https://en.wikipedia.org/wiki/Chickenpox,,
chlamydia,,,Chlamydia,,,,099.81*,,cdi_ca_1990-1992_mn_prov_hc,STI,bacterial,Chlamydia-trachomatis,urogenital,,,,,chlamydia,,,,,,https://en.wikipedia.org/wiki/Chlamydia,,
chlamydia,,,Chlamydia,,,,099.81,,cdi_ca_1993-2001_quart_prov_hc,STI,bacterial,Chlamydia-trachomatis,urogenital,,,,,chlamydia,,,,,,https://en.wikipedia.org/wiki/Chlamydia,,
cholera,,,Cholera,,,,001,,cdi_ca_1979-83_4wk_prov_statcan,,bacterial,Vibrio-cholerae,GI,,,,,cholera,,,cholera,,,https://en.wikipedia.org/wiki/Cholera,,
congenital-rubella-syndrome,rubella,,Congenital Rubella,,,,771.0,,cdi_ca_1979-83_4wk_prov_statcan,,viral,Rubella,unspecified,,,,,,,,,,,https://en.wikipedia.org/wiki/Congenital_rubella_syndrome,,
cryptosporidiosis,,,Cryptosporidiosis,,,,036.8,,cdi_ca_1993-2001_quart_prov_hc,,parasite,Cryptosporidium,GI,,,,,,,,,,,https://en.wikipedia.org/wiki/Cryptosporidiosis,,
cyclosporiasis,,,Cyclospora,,,,,,cdi_ca_1993-2001_quart_prov_hc,,parasite,Cyclospora,GI,,,,,,,,,,,https://en.wikipedia.org/wiki/Cyclospora,,
diarrhoea,,,Diarrhoea,,,,,,cdi_diar_ca_1937-44_wk_prov,intestinal-infectious-disease,unspecified,unspecified,GI,,,,,diar.*ea,,,^diar.*ea,,,,,
diarrhoea-enteritis,diarrhoea,,Diarrhoea and Enteritis,,,,,,cdi_diarent_ca_1945-55_wk_prov,intestinal-infectious-disease,unspecified,unspecified,GI,,,,,,,,,,,,,
diphtheria,,,Diphtheria,,,,,,cdi_ca_1956_wk_prov_dbs,,bacterial,Corynebacterium-diphtheriae,unspecified,,,,,diphth,,,^diphtheria$,,,https://en.wikipedia.org/wiki/Diphtheria,,
diphtheria,,,Diphtheria,,055,,,,cdi_ca_1959_wk_prov_dbs_w4_52,,bacterial,Corynebacterium-diphtheriae,unspecified,,,,,diphth,,,^diphtheria$,,,https://en.wikipedia.org/wiki/Diphtheria,,
diphtheria,,Other bacterial diseases,Diphtheria,,032,,,,cdi_ca_1969_wk_prov,,bacterial,Corynebacterium-diphtheriae,unspecified,,,,,diphth,,,^diphtheria$,,,https://en.wikipedia.org/wiki/Diphtheria,,
diphtheria,,,Diphtheria,,032,,,,cdi_ca_1975_wk_prov_statcan,,bacterial,Corynebacterium-diphtheriae,unspecified,,,,,diphth,,,^diphtheria$,,,https://en.wikipedia.org/wiki/Diphtheria,,
diphtheria,,,Diphtheria,,,,032,,cdi_ca_1979-83_4wk_prov_statcan,,bacterial,Corynebacterium-diphtheriae,unspecified,,,,,diphth,,,^diphtheria$,,,https://en.wikipedia.org/wiki/Diphtheria,,
dysentery_all-amoebic-bacillary-unspecified,dysentery,,Dysentery,,,,,,cdi_ca_1956_wk_prov_dbs,intestinal-infectious-disease,unspecified,unspecified,GI,,,,,diar.*ea,,,^diar.*ea,,,,,
dysentery_all-amoebic-bacillary-unspecified,dysentery,,Dysentery (all forms),,,,,,cdi_dysall_ca_1929-55_wk_prov,intestinal-infectious-disease,unspecified,unspecified,GI,,,,,diar.*ea,,,^diar.*ea,,,,,
dysentery_all-amoebic-bacillary-unspecified,dysentery,,Dysentery all forms,,,,,,cdi_dysall_ca_1929-55_wk_prov,intestinal-infectious-disease,unspecified,unspecified,GI,,,,,diar.*ea,,,^diar.*ea,,,,,
dysentery_all-amoebic-bacillary-unspecified,dysentery,,Dysentery (All Forms),,,,,,cdi_dysall_ca_1929-55_wk_prov,intestinal-infectious-disease,unspecified,unspecified,GI,,,,,diar.*ea,,,^diar.*ea,,,,,
dysentery_all-amoebic-bacillary-unspecified,dysentery,,Dysentery (All forms),,,,,,cdi_dysall_ca_1929-55_wk_prov,intestinal-infectious-disease,unspecified,unspecified,GI,,,,,diar.*ea,,,^diar.*ea,,,,,
dysentery_other_unspecified,dysentery,,Dysentery,Other and unspecified,,048,,,cdi_ca_1961_wk_prov_dbs,intestinal-infectious-disease,unspecified,unspecified,GI,,,,,diar.*ea,,,^diar.*ea,,,,,
dysentery_unspecified,dysentery,,Dysentery,Unspecified,,048,,,cdi_ca_1959_wk_prov_dbs_w4_52,intestinal-infectious-disease,unspecified,unspecified,GI,,,,,diar.*ea,,,^diar.*ea,,,,,
dysentery_unspecified,dysentery,,Dysentery (Unspecified),,,,,,cdi_dysunspec_ca_1927-55_wk_prov,intestinal-infectious-disease,unspecified,unspecified,GI,,,unspecified?,,diar.*ea,,,^diar.*ea,,,,,
dysentery_unspecified,dysentery,,Dysentery (not stated),,,,,,cdi_dysunspec_ca_1927-55_wk_prov,intestinal-infectious-disease,unspecified,unspecified,GI,,,not stated?,,diar.*ea,,,^diar.*ea,,,,,
encephalitis,,,"Encephalitis, infectious",,,,,,cdi_ca_1956_wk_prov_dbs,,unspecified,unspecified,CNS,,infectious,,,encephalitis,,,^unspec.*encephalitis$,,,,,
encephalitis,,,"Encephalitis, infectious",,082.0,,,,cdi_ca_1959_wk_prov_dbs_w4_52,,unspecified,unspecified,CNS,,infectious,,,encephalitis,,,^unspec.*encephalitis$,,,,,
encephalitis,,,"Encephalitis, infections",,082.0,,,,cdi_ca_1964_wk_prov_mcgill,,unspecified,unspecified,CNS,,infectious,,,,,,,,,,,probable typo / misspelling of next entry
encephalitis,,,Encephalitis,,,,,,cdi_enceph_ca_1924-34_wk_prov,,unspecified,unspecified,CNS,,,,,,,,,,,https://en.wikipedia.org/wiki/Encephalitis,,
erysipelas,,,Erysipelas,,,,,,cdi_erys_ca_1924-55_wk_prov,,bacterial,unspecified,skin,,,,,erysipelas,,,erysipelas,,,https://en.wikipedia.org/wiki/Erysipelas,,
food-poisoning-staphylococcal-clostridium-perfringens-clostridia-other-vibrio-parahaemolyticus-bacillus-cereus-unspecified_ex-botulism_ex-salmonellosis_ex-shingellosis,food-poisoning,,Food poisoning,,,,,,cdi_ca_1959_wk_prov_dbs_w4_52,intestinal-infectious-disease,bacterial,unspecified,GI,,food-borne,(1) Excluding Botulism 005.1,Salmonellosls 003 and Shingellosls 004. Including Staphylococcal 005.0,Clostridium perfringens 005.2,other Cloatridia 005.3,Vibrio parahaemolyticus 005.4,Bacillus cereus 005.8,unspecified 005.9.,,,,
food-poisoning_unspecified,food-poisoning,,Food poisoning,Unspecified,,049.2,,,cdi_ca_1959_wk_prov_dbs_w4_52,intestinal-infectious-disease,bacterial,unspecified,GI,,food-borne,,,food,,,,,,https://en.wikipedia.org/wiki/Foodborne_illness,,
giardiasis,,,Giardiasis,,,,007.1,,cdi_ca_1979-83_4wk_prov_statcan,,parasite,Giardia-duodenalis,GI,,,,,,,,,,,https://en.wikipedia.org/wiki/Giardiasis,,
gonorrhea,,,Venereal diseases,Gonorrhoea,,,,,cdi_ca_1956_wk_prov_dbs,STI,bacterial,Gonococcus,urogenital,,,,,,gonor|gonoc,,,,,https://en.wikipedia.org/wiki/Sexually_transmitted_infection,,inconsistent spelling
gonorrhea,,,Venereal diseases,Gonorrhoea,,030-035,,,cdi_ca_1959_wk_prov_dbs_w4_52,STI,bacterial,Gonococcus,urogenital,,,,,,gonor|gonoc,,,,,https://en.wikipedia.org/wiki/Sexually_transmitted_infection,,inconsistent spelling
gonorrhea,,Venereal diseases,Gonococcal infections,,098,,,,cdi_ca_1969_wk_prov,STI,bacterial,Gonococcus,urogenital,,,,,gonor|gonoc,,,gonococcal.infection$,,https://en.wikipedia.org/wiki/Sexually_transmitted_infection,https://en.wikipedia.org/wiki/Gonorrhea,,
gonorrhea,,,Gonorrhea,,098,,,,cdi_ca_1975_wk_prov_statcan,STI,bacterial,Gonococcus,urogenital,,,,,gonor|gonoc,,,gonococcal.infection$,,,https://en.wikipedia.org/wiki/Gonorrhea,,
gonorrhea,,,Gonorrhea,,,,,,cdi_gonall_ca_1924-55_wk_prov,STI,bacterial,Gonococcus,urogenital,,,,,gonor|gonoc,,,gonococcal.infection$,,,https://en.wikipedia.org/wiki/Gonorrhea,,
gonorrhea_all-opthalmia-neonatorum-gonorrhea,gonorrhea,,Total Gonococcal infections,,,,098,,cdi_ca_1979-83_4wk_prov_statcan,STI,unspecified,unspecified,unspecified,,,,,gonor|gonoc,,,gonococcal.infection$,,,https://en.wikipedia.org/wiki/Gonorrhea,,
gonorrhea_ex-ophthalmia-neonatorum,gonorrhea,,Gonococcal infections,Others,,,,098,cdi_ca_1979-83_4wk_prov_statcan,STI,bacterial,Gonococcus,urogenital,,,,,gonor|gonoc,,,gonococcal.infection$,,,https://en.wikipedia.org/wiki/Gonorrhea,,
gonorrhea_ex-ophthalmia-neonatorum,gonorrhea,,Gonococcal infections,Others,,,,,cdi_ca_1979-83_4wk_prov_statcan,STI,bacterial,Gonococcus,urogenital,,,,,gonor|gonoc,,,gonococcal.infection$,,,https://en.wikipedia.org/wiki/Gonorrhea,,
gonorrhea_ex-ophthalmia-neonatorum,gonorrhea,,Gonococcal infections (excluding 098.4),,,,098,,cdi_ca_1979-83_4wk_prov_statcan,STI,bacterial,Gonococcus,urogenital,,,,,gonor|gonoc,,,,,,,,098.4 is ICD-9 gonoccocal infection of the eye
gonorrhea_ex-ophthalmia-neonatorum,gonorrhea,,Gonococcal infections,,,,098,,cdi_ca_1984-89_4wk_prov_statcan,STI,bacterial,Gonococcus,urogenital,,,,,gonor|gonoc,,,gonococcal.infection$,,,https://en.wikipedia.org/wiki/Gonorrhea,,
granuloma-inguinale,,,Granuloma inguinale,,,,,,cdi_granuing_ca_1946-55_wk_prov,STI,bacterial,Klebsiella-granulomatis,urogenital,,,,,granuloma,,,granuloma.inguinale,,,https://en.wikipedia.org/wiki/Granuloma_inguinale,,
group-A-strep,,,Invasive Group A Streptococcal Disease,,,,"034, 035, 670",,cdi_ca_1993-2001_quart_prov_hc,,bacterial,group-A-streptococcus,unspecified,,,,,strep,,,,,,https://en.wikipedia.org/wiki/Group_A_streptococcal_infection,,
group-B-strep-neonates,,,Group B Streptococcal Disease in Neonates,,,,038,,cdi_ca_1993-2001_quart_prov_hc,,bacterial,group-B-Streptococcus,unspecified,,,,,strep,,,,,,https://en.wikipedia.org/wiki/Group_B_streptococcal_infection,,
haemophilus-influenzae-b,influenza,,Haemophilus influenza B (invasive),,,,"320.0, 038.4",,cdi_ca_1984-89_4wk_prov_statcan,,bacterial,Haemophilus-influenzae-b,respiratory,,invasive,,,h.*mophilus,,,,,,,,
haemophilus-influenzae-b,influenza,,H. influenza B (invasive) Infection,,,,"320.0, 038.4",,cdi_ca_1984-89_4wk_prov_statcan,,bacterial,Haemophilus-influenzae-b,respiratory,,invasive,,,h.*mophilus,,,,,,https://en.wikipedia.org/wiki/Haemophilus_influenzae,,
haemophilus-influenzae-b,influenza,,Haemophilus influenza B (all invasive),,,,"320.0, 038.41*",,cdi_ca_1990-1992_mn_prov_hc,,bacterial,Haemophilus-influenzae-b,respiratory,,invasive,(2) Includes buccal cellulitis or epiglottitis 464.3 in a child <5 years with no other causative organisms isolated.,,,,,,,,,,
haemophilus-influenzae-b,influenza,,Haemophilus influenza B (all invasive),,,,"320.0, 038.41",,cdi_ca_1993-2001_quart_prov_hc,,bacterial,Haemophilus-influenzae-b,respiratory,,invasive,(2) Includes buccal cellulitis or epiglottitis 464.3 in a child <5 years with no other causative organisms isolated.,,,,,,,,,,
haemophilus-influenzae-b,influenza,,H. influenza B (invasive),,,,"320.0, 038.41",,cdi_ca_1993-2001_quart_prov_hc,,bacterial,Haemophilus-influenzae-b,respiratory,,invasive,(2) Includes buccal cellulitis or epiglottitis 464.3 in a child <5 years with no other causative organisms isolated.,,,,,,,,,,
hantavirus-pulmonary-syndrome,,,Hantavirus Pulmonary Syndrome,,,,480.8,,cdi_ca_1993-2001_quart_prov_hc,,viral,hantavirus,respiratory,lungs,,,,hanta,,,hanta,,,https://en.wikipedia.org/wiki/Hantavirus_pulmonary_syndrome,,
hepatitis-A,hepatitis,Other virus diseases,Hepatitis infectious,,070,,,,cdi_ca_1969_wk_prov,,viral,unspecified,digestive,liver,,is this all- unspecified- or other? - unspecified,,hepatitis,,,,,https://en.wikipedia.org/wiki/Viral_disease,,,
hepatitis-A,hepatitis,,Hepatitis,infectious,,070,,,cdi_ca_1975_wk_prov_statcan,,viral,unspecified,digestive,liver,,,,hepatitis,,,,,,https://en.wikipedia.org/wiki/Hepatitis,,
hepatitis-A,hepatitis,,Hepatitis,infectious (A),,070,,,cdi_ca_1977_wk_prov_statcan,,viral,unspecified,digestive,liver,,,,hepatitis,,,,,,https://en.wikipedia.org/wiki/Hepatitis,,
hepatitis-A,hepatitis,,Hepatitis A,,,,"070.0, 070.1",,cdi_ca_1979-83_4wk_prov_statcan,,viral,unspecified,digestive,liver,,,,hepatitis,,,hepatitis.a,,,https://en.wikipedia.org/wiki/Hepatitis_A,,
hepatitis-A,hepatitis,,Infectious Hepatitis,,,,,,cdi_hep_ca_1945-55_wk_prov,,viral,unspecified,digestive,liver,,,,hepatitis,,,,,,https://en.wikipedia.org/wiki/Hepatitis,,
hepatitis-A,hepatitis,,Hepatitis Infectious,,,,,,cdi_hep_ca_1945-55_wk_prov,,viral,unspecified,digestive,liver,,,,hepatitis,,,,,,,,
hepatitis-A-B,hepatitis,,"Hepatitis, infectious (including serum hepatitis)",,"092,N988.5",,,,cdi_ca_1959_wk_prov_dbs_w4_52,,viral,unspecified,digestive,liver,,,,hepatitis,,,,,,,,
hepatitis-A-B,hepatitis,,"Hepatitis, infectious (including serum hepatitis)",,"092, N998.5",,,,cdi_ca_1964_wk_prov_mcgill,,viral,unspecified,digestive,liver,,,,hepatitis,,,,,,,,
hepatitis-A-B,hepatitis,,Hepatitis,,,,,,cdi_hep_ca_1945-55_wk_prov,,viral,unspecified,digestive,liver,,,,hepatitis,,,,,,https://en.wikipedia.org/wiki/Hepatitis,,
hepatitis-A-B,hepatitis,,"Hepatitis, Epidemic",,,,,,cdi_hep_ca_1945-55_wk_prov,,viral,unspecified,digestive,liver,epidemic,,,hepatitis,,,,,,,,
hepatitis-A-B,,,Epidemic Hepatitis,,,,,,cdi_hep_ca_1945-55_wk_prov,,,,,,,,,,,,,,,,,
hepatitis-B,,Other virus diseases,Hepatitis serum,,999.2,,,,cdi_ca_1969_wk_prov,,,,,,,,,,,,,,,,,
hepatitis-B,,,Hepatitis,Serum,,999.2,,,cdi_ca_1975_wk_prov_statcan,,,,,,,,,,,,,,,,,
hepatitis-B,,,Hepatitis,Serum (B),,999.2,,,cdi_ca_1977_wk_prov_statcan,,,,,,,,,,,,,,,,,
hepatitis-B,,,Hepatitis B,,,,"070.2, 070.3",,cdi_ca_1979-83_4wk_prov_statcan,,,,,,,,,,,,,,,,,
hepatitis-C,hepatitis,,Hepatitis C,,,,,,cdi_ca_1990-1992_mn_prov_hc,,viral,unspecified,digestive,liver,,,,hepatitis.c,,,acute.hepatitis.c,,,https://en.wikipedia.org/wiki/Hepatitis_C,,
hepatitis-viral_ex-A_ex-B,hepatitis,,Hepatitis other and unspecified viral,,,,"070.4, 070.5, 070.6, 070.9",,cdi_ca_1979-83_4wk_prov_statcan,,unspecified,unspecified,digestive,liver,,,,hepatitis,,,,,,,,
hepatitis-viral_ex-A_ex-B,hepatitis,,Hepatitis other and unspecified viral,,,,,,cdi_ca_1984-89_4wk_prov_statcan,,unspecified,unspecified,digestive,liver,,,,hepatitis,,,,,,,,
hepatitis-viral_unspecified,hepatitis,,Hepatitis unspecified viral,,,,,,cdi_ca_1990-1992_mn_prov_hc,,viral,unspecified,digestive,liver,,,,hepatitis,,,,,,,,
hepatitis_ex-A_ex-B,hepatitis,,Hepatitis other,,,,,,cdi_ca_1984-89_4wk_prov_statcan,,unspecified,unspecified,digestive,liver,,,,,,,,,,,,
hepatitis_ex-A_ex-B,hepatitis,,"Hepatitis non-A, non-B",,,,,,cdi_ca_1990-1992_mn_prov_hc,,unspecified,unspecified,digestive,liver,,,,hepatitis,,,,,,,,
herpes-simplex-virus,,,Herpes Simplex,,,,771.21*,,cdi_ca_1990-1992_mn_prov_hc,,viral,skin,unspecified,,,,,herpes(?!.*zoster),,,^herpes.*infections$,,,https://en.wikipedia.org/wiki/Herpes_simplex,,
herpes-simplex-virus,,,Herpes Simplex,,,,771.21,,cdi_ca_1993-2001_quart_prov_hc,,viral,skin,unspecified,,,,,herpes(?!.*zoster),,,^herpes.*infections$,,,https://en.wikipedia.org/wiki/Herpes_simplex,,
impetigo,,,Impetigo,,,,,,cdi_impet_ca_1924-55_wk_prov,,bacterial,unspecified,skin,,,,,impetigo,,,,,,https://en.wikipedia.org/wiki/Impetigo,,impetigo has two distinct ICD-10 codes
impetigo-newborn,impetigo,,Pemphigus neonatorum (Impetigo of the newborn),,766,,,,cdi_ca_1959_wk_prov_dbs_w4_52,,bacterial,unspecified,unspecified,,,,,pemphigus,,,pemphigus$,,,https://en.wikipedia.org/wiki/Staphylococcal_scalded_skin_syndrome,,
impetigo-newborn,impetigo,,Pemphigus neonatorum (impetigo of the newborn),,766,,,,cdi_ca_1961_wk_prov_dbs,,bacterial,unspecified,unspecified,,,,,pemphigus,,,pemphigus$,,,https://en.wikipedia.org/wiki/Staphylococcal_scalded_skin_syndrome,,
influenza,,,"Influenza, epidemic",,,,,,cdi_ca_1956_wk_prov_dbs,,viral,unspecified,respiratory,,epidemic,,,^influ,,,,,,https://en.wikipedia.org/wiki/Influenza,,
invasive-pneumococcal-disease,,,Invasive Pneumococcal Disease,,,,481,,cdi_ca_1993-2001_quart_prov_hc,,bacterial,Pneumococcal,unspecified,,,,,strep,,,strep.*pneu,,,https://en.wikipedia.org/wiki/Streptococcus_pneumoniae,,
jaundice,,,Jaundice,,,,,,cdi_jaun_ca_1927-55_wk_prov,,,,digestive,liver,,where is this?,,jaundice,,,^u.*jaundice,,,https://en.wikipedia.org/wiki/Jaundice,,
jaundice-catarrhal,jaundice,,Jaundice (catarrhal),,,,,,cdi_jauncat_ca_1948-55_wk_prov,,,,digestive,liver,,where is this? is this infectious hepatitis? Hepatitis A?,,jaundice,,,^u.*jaundice,,,https://en.wikipedia.org/wiki/Jaundice,,
jaundice-infectious,jaundice,,Jaundice (infectious),,,,,,cdi_jaun_ca_1927-55_wk_prov,,,,digestive,liver,,where is this?,,jaundice,,,^u.*jaundice,,,https://en.wikipedia.org/wiki/Jaundice,,
lassa-fever,,,Lassa Fever,,,,078.8,,cdi_ca_1979-83_4wk_prov_statcan,,viral,Lassa-virus,unspecified,,,,,hemorrhagic,,,,,,https://en.wikipedia.org/wiki/Lassa_fever,,
legionellosis,,,Legionellosis,,,,482.41,,cdi_ca_1984-89_4wk_prov_statcan,,bacterial,Legionella,respiratory,lungs,,,,pneu,,,,,,https://en.wikipedia.org/wiki/Legionnaires%27_disease,,
leprosy,,,Leprosy,,,,030,,cdi_ca_1979-83_4wk_prov_statcan,,bacterial,Mycobacterium-leprae,skin,,,,,lepr,,,^lepr,,,https://en.wikipedia.org/wiki/Leprosy,,
listeriosis,,,Listeriosis (all types),,,,"027.0, 771.22*",,cdi_ca_1990-1992_mn_prov_hc,,bacterial,Listeria-monocytogenes,GI,,all-types,"all types, not a sum",,listerio,,,^listeriosis$,,,https://en.wikipedia.org/wiki/Listeriosis,,
listeriosis,,,Listeriosis (all types),,,,"027.0, 771.22",,cdi_ca_1993-2001_quart_prov_hc,,bacterial,Listeria-monocytogenes,GI,,all-types,"all types, not a sum",,listerio,,,^listeriosis$,,,https://en.wikipedia.org/wiki/Listeriosis,,
lymphogranuloma-venereum,chlamydia,,Lymphogranuloma venereum,,,,,,cdi_lymphgran_ca_1946-55_wk_prov,STI,bacterial,Chlamydia-trachomatis,urogenital,,,,,lymphog,,,lymphog,,,https://en.wikipedia.org/wiki/Lymphogranuloma_venereum,,
lymphogranuloma-venereum,chlamydia,,Lymphogranuloma veneruem,,,,,,cdi_lymphgran_ca_1946-55_wk_prov,STI,bacterial,Chlamydia-trachomatis,urogenital,,,,,,,,,,,,,duplicate
malaria,,,Malaria,,,,084,,cdi_ca_1979-83_4wk_prov_statcan,,parasite,Plasmodium,circulatory,,,,,malaria$,,,,,,,/,
malaria,,,Malaria,,,,,,cdi_malar_ca_1929-55_wk_prov,,parasite,Plasmodium,circulatory,,,,,malaria$,,,,,,,/,
malaria-arising_in_canada,malaria,,Malaria (a) Arising in Canada,,,,,,cdi_malar_ca_1929-55_wk_prov,,parasite,Plasmodium,circulatory,,arising-in-Canada,,,malaria$,,,,,,https://en.wikipedia.org/wiki/Malaria,,
malaria-arising_outside_canada,malaria,,Malaria (b) Arising outside Canada,,,,,,cdi_malar_ca_1929-55_wk_prov,,parasite,Plasmodium,circulatory,,arising-outside-Canada,,,malaria$,,,,,,https://en.wikipedia.org/wiki/Malaria,,
measles,,,Measles,,,,,,cdi_ca_1956_wk_prov_dbs,,viral,morbillivirus,respiratory,,,,,^measles,,,^measles$,,,https://en.wikipedia.org/wiki/Measles,,
measles,,Other virus diseases,Measles,,055,,,,cdi_ca_1969_wk_prov,,viral,morbillivirus,respiratory,,,,,^measles,,,^measles$,,https://en.wikipedia.org/wiki/Viral_disease,https://en.wikipedia.org/wiki/Measles,,
measles,,,Measles,,055,,,,cdi_ca_1975_wk_prov_statcan,,viral,morbillivirus,respiratory,,,,,^measles,,,^measles$,,,https://en.wikipedia.org/wiki/Measles,,
measles,,,Measles,,,,055,,cdi_ca_1979-83_4wk_prov_statcan,,viral,morbillivirus,respiratory,,,,,^measles,,,^measles$,,,https://en.wikipedia.org/wiki/Measles,,
meningitis,,,Meningitis,,,,,,cdi_meningivar_ca_1925-55_wk_prov,,unspecified,unspecified,CNS,,,,,meningitis,,,,,,https://en.wikipedia.org/wiki/Meningitis,,
meningitis,,,Meningitis (non epidemic),,,,,,cdi_meningivar_ca_1925-55_wk_prov,,unspecified,unspecified,CNS,,non-epidemic,,,meningitis,,,,,,,,
meningitis-aseptic-coxsackie,meningitis,Virus diseases of central nervous system,Aseptic meningitis due to enteroviruses (excludes polio),Coxsackie virus,,045.0,,,cdi_ca_1969_wk_prov,,viral,Coxsackie,CNS,,,,,meningitis,enterov,,viral meningitis,,,,https://en.wikipedia.org/wiki/Coxsackievirus,
meningitis-aseptic-echo,meningitis,Virus diseases of central nervous system,Aseptic meningitis due to enteroviruses (excludes polio),ECHO virus,,045.1,,,cdi_ca_1969_wk_prov,,viral,ECHO,CNS,,,,,meningitis,,,viral meningitis,,,,https://en.wikipedia.org/wiki/Echovirus,
meningitis-aseptic-viral_unspecified,meningitis,Virus diseases of central nervous system,Aseptic meningitis due to enteroviruses (excludes polio),Not specified,,045.9,,,cdi_ca_1969_wk_prov,,viral,unspecified,CNS,,,,,meningitis,,,viral meningitis,,,,,
meningitis-coxsackie,meningitis,,Aseptic Meningitis,Coxsackie,,045.0,,,cdi_ca_1975_wk_prov_statcan,,viral,Coxsackie,CNS,,,,,meningitis,,,,,,https://en.wikipedia.org/wiki/Aseptic_meningitis,,
meningitis-echo,meningitis,,Aseptic Meningitis,ECHO,,045.1,,,cdi_ca_1975_wk_prov_statcan,,viral,ECHO,CNS,,,,,meningitis,,,,,,https://en.wikipedia.org/wiki/Aseptic_meningitis,,
meningitis-encephalitis-bacterial-haemophilus,encephalitis,,Meningitis Encephalitis Bacterial,Haemophilus,,,,320.0,cdi_ca_1979-83_4wk_prov_statcan,meningitis,bacterial,Haemophilus-influenzae-b,CNS,,,,,meningitis,h.*mophilus,,bacterial meningitis,,,https://en.wikipedia.org/wiki/Meningitis#Bacterial,,
meningitis-encephalitis-bacterial-haemophilus,encephalitis,,Meningitis/Encephalitis: A. Bacterial,Haemophilus,,,,320.0,cdi_ca_1979-83_4wk_prov_statcan,meningitis,bacterial,Haemophilus-influenzae-b,CNS,,,,,meningitis,h.*mophilus,,bacterial meningitis,,,https://en.wikipedia.org/wiki/Meningitis#Bacterial,,
meningitis-encephalitis-bacterial-haemophilus,encephalitis,,Meningitis Encephalitis Bacterial Haemophilus,,,,320.0,,cdi_ca_1984-89_4wk_prov_statcan,meningitis,bacterial,Haemophilus-influenzae-b,CNS,,,,,meningitis,,,bacterial meningitis,,,https://en.wikipedia.org/wiki/Meningitis#Bacterial,,
meningitis-encephalitis-bacterial-pneumococcal,encephalitis,,Meningitis Encephalitis Bacterial,Pneumococcal,,,,320.1,cdi_ca_1979-83_4wk_prov_statcan,meningitis,bacterial,Streptococcus-pneumoniae,CNS,,,,,meningitis,,,bacterial meningitis,,,https://en.wikipedia.org/wiki/Meningitis#Bacterial,,
meningitis-encephalitis-bacterial-pneumococcal,encephalitis,,Meningitis/Encephalitis: A. Bacterial,Pneumococcal,,,,320.1,cdi_ca_1979-83_4wk_prov_statcan,meningitis,bacterial,Streptococcus-pneumoniae,CNS,,,,,meningitis,,,bacterial meningitis,,,https://en.wikipedia.org/wiki/Meningitis#Bacterial,,
meningitis-encephalitis-bacterial-pneumococcal,encephalitis,,Meningitis Encephalitis Bacterial Pneumococcal,,,,320.1,,cdi_ca_1984-89_4wk_prov_statcan,meningitis,bacterial,Streptococcus-pneumoniae,CNS,,,,,meningitis,,,bacterial meningitis,,,https://en.wikipedia.org/wiki/Meningitis#Bacterial,,
meningitis-encephalitis-bacterial_ex-meningococcal_ex-tuberculosis,encephalitis,,Meningitis/Encephalitis: A. Bacterial,Others,,,,,cdi_ca_1979-83_4wk_prov_statcan,meningitis,bacterial,unspecified,CNS,,,,,meningitis,,,bacterial meningitis,,,https://en.wikipedia.org/wiki/Meningitis#Bacterial,,
meningitis-encephalitis-bacterial_ex-meningococcal_ex-tuberculosis_ex-haemophilus_ex-pneumococcal,encephalitis,,Meningitis Encephalitis Bacterial,Others,,,,,cdi_ca_1979-83_4wk_prov_statcan,meningitis,bacterial,unspecified,CNS,,,,,meningitis,,,bacterial meningitis,,,https://en.wikipedia.org/wiki/Meningitis#Bacterial,,
meningitis-encephalitis-bacterial_ex-meningococcal_ex-tuberculosis_ex-haemophilus_ex-pneumococcal,encephalitis,,Meningitis Encephalitis Bacterial Others,,,,,,cdi_ca_1984-89_4wk_prov_statcan,meningitis,bacterial,unspecified,CNS,,,,,meningitis,,,bacterial meningitis,,,https://en.wikipedia.org/wiki/Meningitis#Bacterial,,
meningitis-encephalitis-pneumococcal,encephalitis,,Pneumococcal meningitis,,,,320.1,,cdi_ca_1984-89_4wk_prov_statcan,meningitis,bacterial,Streptococcus-pneumoniae,CNS,,,,,meningitis,,,bacterial meningitis,,,https://en.wikipedia.org/wiki/Meningitis#Bacterial,,
meningitis-encephalitis-viral_ex-measles_ex-mumps_ex-poliomyelitis_ex-rubella_ex-yellow-fever,encephalitis,,Meningitis/Encephalitis viral,,,,,,cdi_ca_1990-1992_mn_prov_hc,meningitis,viral,unspecified,CNS,,,,,,,,,,,,,
meningitis-encephalitis-viral_ex-measles_ex-poliomyelitis_ex-rubella_ex-yellow-fever,encephalitis,,Meningitis/Encephalitis: B. Viral,,,,,,cdi_ca_1979-83_4wk_prov_statcan,meningitis,viral,unspecified,CNS,,,,,,,,,,,,,
meningitis-encephalitis_ex-measles_ex-poliomyelitis_ex-rubella_ex-viral-haemorrhagic-fever_ex-yellow-fever,encephalitis,,Meningitis Encephalitis Viral,,,,,,cdi_ca_1979-83_4wk_prov_statcan,meningitis,viral,unspecified,CNS,,,,,meningitis,,,bacterial meningitis,,,https://en.wikipedia.org/wiki/Meningitis#Bacterial,,
meningitis-pneumococcal,meningitis,,Meningitis Pneumococcal,,,,,,cdi_meningivar_ca_1925-55_wk_prov,,bacterial,Streptococcus-pneumoniae,CNS,,,,,meningitis,,,bacterial meningitis,,,https://en.wikipedia.org/wiki/Meningitis#Bacterial,,
meningitis-pneumococcal,meningitis,,Meningitis (Pneumococcal),,,,,,cdi_meningivar_ca_1925-55_wk_prov,,bacterial,Streptococcus-pneumoniae,CNS,,,,,meningitis,,,bacterial meningitis,,,https://en.wikipedia.org/wiki/Meningitis#Bacterial,,
meningitis-septic,meningitis,,Septic Meningitis,,,,,,cdi_meningisep_ca_1935-55_wk_prov,,unspecified,unspecified,CNS,,,,,meningococcal,,,meningococcal.*tion$,,,https://en.wikipedia.org/wiki/Meningococcal_disease,,
meningitis-simple,meningitis,,Simple Meningitis,,,,,,cdi_meningisep_ca_1935-55_wk_prov,,,,CNS,,,,,meningococcal,,,meningococcal.*tion$,,,https://en.wikipedia.org/wiki/Meningococcal_disease,,
meningitis-simple,meningitis,,Simple meningitis,,,,,,cdi_meningivar_ca_1925-55_wk_prov,,,,CNS,,,,,meningococcal,,,meningococcal.*tion$,,,https://en.wikipedia.org/wiki/Meningococcal_disease,,
meningitis-streptococcal,meningitis,,Meningitis (Streptococcal),,,,,,cdi_meningisep_ca_1935-55_wk_prov,,bacterial,Streptococcus,CNS,,,,,meningitis,,,bacterial meningitis,,,https://en.wikipedia.org/wiki/Meningitis#Bacterial,,
meningitis-viral-aseptic-coxsackie,meningitis,,"Meningitis, viral or aseptic",Due to Coxsackie virus,"080.2, 082.1",,,,cdi_ca_1961_wk_prov_dbs,,viral,Coxsackie,CNS,,,,,meningitis,,,viral meningitis,,,https://en.wikipedia.org/wiki/Viral_meningitis,,
meningitis-viral-aseptic-coxsackie,meningitis,,"Meningitis, viral or aseptic",Due to Coxsackie virus,"080.2,082.1",,,,cdi_ca_1964_wk_prov_mcgill,,viral,Coxsackie,CNS,,,,,meningitis,,,viral meningitis,,,https://en.wikipedia.org/wiki/Viral_meningitis,,
meningitis-viral-aseptic-echo,meningitis,,"Meningitis, viral or aseptic",Due to ECHO virus,"080.2, 082.1",,,,cdi_ca_1961_wk_prov_dbs,,viral,ECHO,CNS,,,,,meningitis,,,viral meningitis,,,https://en.wikipedia.org/wiki/Viral_meningitis,,
meningitis-viral-aseptic-echo,meningitis,,"Meningitis, viral or aseptic",Due to ECHO virus,"080.2,082.1",,,,cdi_ca_1964_wk_prov_mcgill,,viral,ECHO,CNS,,,,,meningitis,,,viral meningitis,,,https://en.wikipedia.org/wiki/Viral_meningitis,,
meningitis-viral-aseptic-poliovirus,meningitis,,"Meningitis, viral or aseptic",Due to poliovirus,"080.2, 082.1",,,,cdi_ca_1961_wk_prov_dbs,,viral,poliovirus,CNS,,non-paralytic-poliomyelitis,,,meningitis,,,viral meningitis,,,https://en.wikipedia.org/wiki/Viral_meningitis,,
meningitis-viral-aseptic-poliovirus,meningitis,,"Meningitis, viral or aseptic",Due to poliovirus,"080.2,082.1",,,,cdi_ca_1964_wk_prov_mcgill,,viral,poliovirus,CNS,,non-paralytic-poliomyelitis,,,meningitis,,,viral meningitis,,,https://en.wikipedia.org/wiki/Viral_meningitis,,
meningitis-viral-aseptic_all-poliovirus-coxsackie-echo-other-unspecified,meningitis,,"Meningitis, viral or aseptic",,"080.2, 082.1",,,,cdi_ca_1959_wk_prov_dbs_w4_52,,viral,unspecified,CNS,,all-total,,,meningitis,,,viral meningitis,,,https://en.wikipedia.org/wiki/Viral_meningitis,,
meningitis-viral-aseptic_all-poliovirus-coxsackie-echo-other-unspecified,meningitis,,"Meningitis, viral or aseptic",,"080.2,082.1",,,,cdi_ca_1964_wk_prov_mcgill,,viral,unspecified,CNS,,all-total,,,meningitis,,,viral meningitis,,,https://en.wikipedia.org/wiki/Viral_meningitis,,
meningitis-viral-aseptic_unspecified_ex-echo_ex-coxsackie_ex-polio,meningitis,,"Meningitis, viral or aseptic",Other and unspecified,"080.2, 082.1",,,,cdi_ca_1961_wk_prov_dbs,,viral,unspecified,CNS,,,,,meningitis,,,viral meningitis,,,https://en.wikipedia.org/wiki/Viral_meningitis,,
meningitis-viral-aseptic_unspecified_ex-echo_ex-coxsackie_ex-polio,meningitis,,"Meningitis, viral or aseptic",Other and unspecified,"080.2,082.1",,,,cdi_ca_1964_wk_prov_mcgill,,viral,unspecified,CNS,,,,,meningitis,,,viral meningitis,,,https://en.wikipedia.org/wiki/Viral_meningitis,,
meningitis_ex-measles_ex-poliomyelitis_ex-rubella_ex-yellow-fever,meningitis,,Viral meningitis,,,,,,cdi_ca_1984-89_4wk_prov_statcan,,viral,unspecified,unspecified,,,,,meningitis,,,viral meningitis,,,https://en.wikipedia.org/wiki/Viral_meningitis,,
meningitis_ex-pneumococcal_ex-haemophilus_ex-meningococcal_ex-tuberculosis,meningitis,,Other bacterial meningitis,,,,,,cdi_ca_1984-89_4wk_prov_statcan,,bacterial,unspecified,CNS,,,,,meningitis,,,bacterial meningitis,,,https://en.wikipedia.org/wiki/Meningitis#Bacterial,,
meningitis_unspecified,meningitis,,Aseptic Meningitis,Not specified,,045.9,,,cdi_ca_1975_wk_prov_statcan,,viral,unspecified,CNS,,,,,meningitis,,,,,,https://en.wikipedia.org/wiki/Aseptic_meningitis,,
meningococcal-infections,,,Meningococcal infections,,057,,,,cdi_ca_1959_wk_prov_dbs_w4_52,,bacterial,Neisseria-meningitidis,unspecified,,,,,meningococcal,,,meningococcal.*tion$,,,https://en.wikipedia.org/wiki/Meningococcal_disease,,
meningococcal-infections,,Other bacterial diseases,Meningococcal infections,,036,,,,cdi_ca_1969_wk_prov,,bacterial,Neisseria-meningitidis,unspecified,,,,,meningococcal,,,meningococcal.*tion$,,,https://en.wikipedia.org/wiki/Meningococcal_disease,,
meningococcal-infections,,,Meningococcal infections,,036,,,,cdi_ca_1975_wk_prov_statcan,,bacterial,Neisseria-meningitidis,unspecified,,,,,meningococcal,,,meningococcal.*tion$,,,https://en.wikipedia.org/wiki/Meningococcal_disease,,
meningococcal-infections,,,Meningococcal infections,,,,036,,cdi_ca_1979-83_4wk_prov_statcan,,bacterial,Neisseria-meningitidis,unspecified,,,,,meningococcal,,,meningococcal.*tion$,,,https://en.wikipedia.org/wiki/Meningococcal_disease,,
meningococcal-meningitis,meningitis,,"Meningitis, meningococcal",,,,,,cdi_ca_1956_wk_prov_dbs,,bacterial,Neisseria-meningitis,CNS,,,,,meningitis,,,bacterial meningitis,,,https://en.wikipedia.org/wiki/Meningitis#Bacterial,,
meningococcal-meningitis,meningitis,,"Meningitis, Meningococcal",,,,,,cdi_ca_1957_wk_prov_dbs,,bacterial,Neisseria-meningitis,CNS,,,,,meningitis,,,bacterial meningitis,,,https://en.wikipedia.org/wiki/Meningitis#Bacterial,,
meningococcal-septicemia,meningococcal-infections,,Meningococcus Septicaemia,,,,,,cdi_meningisep_ca_1935-55_wk_prov,,bacterial,Neisseria-meningitidis,circulatory,,,,,meningococcal,,,meningococcal.*tion$,,,https://en.wikipedia.org/wiki/Meningococcal_disease,,
meningococcal-septicemia,meningococcal-infections,,Meningooccus Septicemia,,,,,,cdi_meningivar_ca_1925-55_wk_prov,,bacterial,Neisseria-meningitidis,circulatory,,,,,meningococcal,,,meningococcal.*tion$,,,https://en.wikipedia.org/wiki/Meningococcal_disease,,
mumps,,,Mumps,,,,,,cdi_ca_1956_wk_prov_dbs,,viral,paramyxovirus,lymphatic-system,,,,,mumps,,,mumps$,,,https://en.wikipedia.org/wiki/Mumps,,
mumps,,,Mumps,,,,072,,cdi_ca_1984-89_4wk_prov_statcan,,viral,paramyxovirus,lymphatic-system,,,,,mumps,,,mumps$,,,https://en.wikipedia.org/wiki/Mumps,,
newborn-diarrhoea,diarrhoea,,"Diarrhoea of the newborn, epidemic",,764,,,,cdi_ca_1959_wk_prov_dbs_w4_52,intestinal-infectious-disease,unspecified,unspecified,GI,,epidemic,,,,,,,,,,,
newborn-diarrhoea,diarrhoea,Intestinal infectious diseases,"Diarrhoea of the newborn, epidemic.",,009.1,,,,cdi_ca_1969_wk_prov,intestinal-infectious-disease,unspecified,unspecified,GI,,,,,diarrhea,,,neonatal diarrhea,,https://en.wikipedia.org/wiki/Intestinal_infectious_diseases,,,duplicate
newborn-diarrhoea,diarrhoea,,Diarrhoea (of newborn),,009.1,,,,cdi_ca_1975_wk_prov_statcan,intestinal-infectious-disease,unspecified,unspecified,GI,,,,,,,,,,,,,
non-specific-urethritis,,,Non-specific urethritis,,,,,,cdi_nspecurethritis_ca_1949-55_wk_prov,,unspecified,unspecified,urogenital,,,,,urethri,,,urethri,,,https://en.wikipedia.org/wiki/Non-gonococcal_urethritis#Non-specific_urethritis,,
ophthalmia-neonatorum,gonorrhea,,Gonococcal infections,Ophthalmia Neonatorum,,,,098.4,cdi_ca_1979-83_4wk_prov_statcan,STI,bacterial,unspecified,ocular,eye,,,,gonor|gonoc,gonor|gonoc,,gonococcal.infection$,gonoc.*eye,,https://en.wikipedia.org/wiki/Gonorrhea,https://en.wikipedia.org/wiki/Neonatal_conjunctivitis,
ophthalmia-neonatorum,gonorrhea,,Gonococcal Ophthalmia Neonatorum,,,,098.4,,cdi_ca_1979-83_4wk_prov_statcan,STI,bacterial,unspecified,ocular,eye,,,,gonor|gonoc,,,gonoc.*eye,,,https://en.wikipedia.org/wiki/Neonatal_conjunctivitis,,
ophthalmia-neonatorum,gonorrhea,,Ophthalmia neonatorum,,,,,,cdi_optneo_ca_1944-55_wk_prov,STI,bacterial,unspecified,ocular,eye,,,,gonor|gonoc,,,gonoc.*eye,,,https://en.wikipedia.org/wiki/Neonatal_conjunctivitis,,
paratyphoid-fever,typhoid-paratyphoid-fever,Intestinal infectious diseases,Paratyphoid fever,,002,,,,cdi_ca_1969_wk_prov,intestinal-infectious-disease,bacterial,Salmonella-paratyphi,GI,,,,,,,,,,https://en.wikipedia.org/wiki/Intestinal_infectious_diseases,,,duplicate
paratyphoid-fever,typhoid-paratyphoid-fever,,Paratyphoid,,002,,,,cdi_ca_1975_wk_prov_statcan,intestinal-infectious-disease,bacterial,Salmonella-enterica,unspecified,,,,,paratyphoid,,,paratyphoid.*unspec,,,https://en.wikipedia.org/wiki/Paratyphoid_fever,,
paratyphoid-fever,typhoid-paratyphoid-fever,,Paratyphoid,,,,002.1-002.9,,cdi_ca_1979-83_4wk_prov_statcan,intestinal-infectious-disease,bacterial,Salmonella-enterica,unspecified,,,,,paratyphoid,,,paratyphoid.*unspec,,,https://en.wikipedia.org/wiki/Paratyphoid_fever,,
paratyphoid-fever,typhoid-paratyphoid-fever,,Paratyphoid Fever,,,,,,cdi_paratyph_ca_1924-55_wk_prov,intestinal-infectious-disease,bacterial,Salmonella-enterica,unspecified,,,,,,,,,,,,,duplicate
plague,,,Plague,,,,020,,cdi_ca_1979-83_4wk_prov_statcan,,bacterial,Yersinia-pestis,unspecified,,,,,plague,,,plague,,,https://en.wikipedia.org/wiki/Plague_(disease),,
pneumonia,,,Pneumonia,,,,,,cdi_pneu_ca_1924-55_wk_prov,,unspecified,unspecified,respiratory,lungs,,,,pneumonia,,,,,,https://en.wikipedia.org/wiki/Pneumonia,,
poliomyelitis,,,Poliomyelitis,,,,045,,cdi_ca_1979-83_4wk_prov_statcan,,viral,poliovirus,unspecified,,,,,polio,,,^acute.poliomyelitis$,,,https://en.wikipedia.org/wiki/Polio,,
poliomyelitis,,,Poliomyelitis,,,,,,cdi_polio_ca_1924-55_wk_prov,,viral,poliovirus,unspecified,,,,,polio,,,^acute.poliomyelitis$,,,https://en.wikipedia.org/wiki/Polio,,
poliomyelitis-with-paralysis,poliomyelitis,,"Poliomyelitis, epidemic",With paralysis,,,,,cdi_ca_1956_wk_prov_dbs,,viral,poliovirus,unspecified,,epidemic,,,polio,,,^acute.poliomyelitis$,,,,,
poliomyelitis-with-paralysis,poliomyelitis,,"Poliomyelitis, paralytic",,"080.0, 080.1",,,,cdi_ca_1959_wk_prov_dbs_w4_52,,viral,poliovirus,unspecified,,,,,polio,,,acute.para,,,,,
poliomyelitis-with-paralysis,poliomyelitis,,"Poliomyelitis, paralytic",,"080.0,080.1",,,,cdi_ca_1964_wk_prov_mcgill,,viral,poliovirus,unspecified,,,,,polio,,,acute.para,,,,,
poliomyelitis-with-paralysis,poliomyelitis,,Poliomyelitis (a) With Paralysis,,,,,,cdi_poliopar_ca_1949-55_wk_prov,,viral,poliovirus,unspecified,,,,,polio,,,acute.para,,,https://en.wikipedia.org/wiki/Polio#Paralytic_polio,,
poliomyelitis-without-paralysis,poliomyelitis,,"Poliomyelitis, epidemic",Without paralysis,,,,,cdi_ca_1956_wk_prov_dbs,,viral,poliovirus,unspecified,,epidemic,,,polio,,,^acute.poliomyelitis$,,,,,
poliomyelitis-without-paralysis,poliomyelitis,,Poliomyelitis (b) Without Paralysis,,,,,,cdi_polionpar_ca_1949-55_wk_prov,,viral,poliovirus,unspecified,,,,,polio,,,acute.nonpara,,,,,
poliomyelitis-without-paralysis,poliomyelitis,,Poliomyelitis (Without Paralysis),,,,,,cdi_polionpar_ca_1949-55_wk_prov,,viral,poliovirus,unspecified,,,,,polio,,,acute.nonpara,,,,,
poliomyelitis_all-with-paralysis-without-paralysis,poliomyelitis,,"Poliomyelitis, epidemic",,,,,,cdi_ca_1956_wk_prov_dbs,,viral,poliovirus,unspecified,,epidemic,,,polio,,,^acute.poliomyelitis$,,,,,
poliomyelitis_unspecified,poliomyelitis,,Poliomyelitis type not stated,,,,,,cdi_poliounspec_ca_1949-55_wk_prov,,viral,poliovirus,unspecified,,,other or unstated?,,polio,,,acute.polio.*ied,,,,,
rabies,,,Rabies,,,,071,,cdi_ca_1979-83_4wk_prov_statcan,,viral,RABV,CNS,,,,,rabies,,,^rabies,,,https://en.wikipedia.org/wiki/Rabies,,
rubella,,,Rubella,,,,,,cdi_ca_1956_wk_prov_dbs,,viral,Rubella,skin,,,,,rubella,,,rubella.*measles.,,,https://en.wikipedia.org/wiki/Rubella,,
rubella,,Other virus diseases,Rubella (German measles),,056,,,,cdi_ca_1969_wk_prov,,viral,Rubella,skin,,,,,rubella,,,rubella.*measles.,,https://en.wikipedia.org/wiki/Viral_disease,https://en.wikipedia.org/wiki/Rubella,,
rubella,,,Rubella,,056,,,,cdi_ca_1975_wk_prov_statcan,,viral,Rubella,skin,,,,,rubella,,,rubella.*measles.,,,https://en.wikipedia.org/wiki/Rubella,,
rubella,,,Rubella,,,,056,,cdi_ca_1979-83_4wk_prov_statcan,,viral,Rubella,skin,,,,,rubella,,,rubella.*measles.,,,https://en.wikipedia.org/wiki/Rubella,,
rubella,,,German measles (Rubella),,,,,,cdi_rub_ca_1924-55_wk_prov,,viral,Rubella,skin,,,,,rubella,,,rubella.*meas.*,,,https://en.wikipedia.org/wiki/Rubella,,
rubella,,,German measles,,,,,,cdi_rub_ca_1924-55_wk_prov,,viral,Rubella,skin,,,,,rubella,,,rubella.*meas.*,,,https://en.wikipedia.org/wiki/Rubella,,
rubella,,,Rubella (German measles),,,,,,cdi_rub_ca_1924-55_wk_prov,,viral,Rubella,skin,,,,,rubella,,,rubella.*measles.,,,https://en.wikipedia.org/wiki/Rubella,,
rubella,,,Rubella(German measles),,,,,,cdi_rub_ca_1924-55_wk_prov,,viral,Rubella,skin,,,,,,,,,,,,,duplicate
salmonellosis,,,Food poisoning,Salmonella infections,,042.1,,,cdi_ca_1959_wk_prov_dbs_w4_52,intestinal-infectious-disease,bacterial,Salmonella,GI,,food-borne,,,food,salm,,,,,https://en.wikipedia.org/wiki/Foodborne_illness,https://en.wikipedia.org/wiki/Salmonellosis,
salmonellosis,,,Food poisoning,Salmonella with food as vehicle of infection.,,042.1,,,cdi_ca_1961_wk_prov_dbs,intestinal-infectious-disease,bacterial,Salmonella,GI,,food-borne,,,food,salm,,,,,https://en.wikipedia.org/wiki/Foodborne_illness,https://en.wikipedia.org/wiki/Salmonellosis,
salmonellosis,,Intestinal infectious diseases,Other Salmonella infections with mention of food as vehicle.,,003.0,,,,cdi_ca_1969_wk_prov,intestinal-infectious-disease,bacterial,Salmonella_ex-typhi_ex-paratyphi,GI,,food-borne,,,salmonella,,,,,https://en.wikipedia.org/wiki/Intestinal_infectious_diseases,https://en.wikipedia.org/wiki/Salmonella,,
salmonellosis,,Intestinal infectious diseases,Other Salmonella infections without mention of food as vehicle.,,003.9,,,,cdi_ca_1969_wk_prov,intestinal-infectious-disease,bacterial,Salmonella_ex-typhi_ex-paratyphi,GI,,ex-food-borne,,,salmonella,,,,,https://en.wikipedia.org/wiki/Intestinal_infectious_diseases,https://en.wikipedia.org/wiki/Salmonella,,
salmonellosis,,,Salmonella,,,,,,cdi_salm_ca_1944-55_wk_prov,intestinal-infectious-disease,bacterial,Salmonella,GI,,,,,salm,,,,,,https://en.wikipedia.org/wiki/Salmonellosis,,
salmonellosis-food-borne,salmonellosis,,Other Salmonella vehicle,Food,,003.0,,,cdi_ca_1975_wk_prov_statcan,intestinal-infectious-disease,bacterial,Salmonella_ex-typhi_ex-paratyphi,GI,,,,,salmonella,food,,,,,https://en.wikipedia.org/wiki/Salmonella,,
salmonellosis_ex-typhi_ex-paratyphi,salmonellosis,,Other Salmonella vehicle,Other,,003.9,,,cdi_ca_1975_wk_prov_statcan,intestinal-infectious-disease,bacterial,Salmonella_ex-typhi_ex-paratyphi,GI,,,,,salmonella,,,,,,https://en.wikipedia.org/wiki/Salmonella,,
salmonellosis_ex-typhi_ex-paratyphi,salmonellosis,,Salmonellosis,,,,003,,cdi_ca_1979-83_4wk_prov_statcan,intestinal-infectious-disease,bacterial,Salmonella_ex-typhi_ex-paratyphi,GI,,,,,salm,,,,,,https://en.wikipedia.org/wiki/Salmonellosis,,
scarlet-fever,,,Scarlet Fever,,,,,,cdi_sf_ca_1924-55_wk_prov,,bacterial,group-A-streptococcus,unspecified,,,,,scarlet.fever,,,scarlet.fever,,,https://en.wikipedia.org/wiki/Scarlet_fever,,
septic-sore-throat,,,Septic Sore Throat,,,,,,cdi_sst_ca_1924-55_wk_prov,,unspecified,unspecified,ENT,,,is this strep throat?,,,,,,,,https://en.wikipedia.org/wiki/Sore_throat,,
septic-sore-throat,,,Septic Sore Throat  (epidemic),,,,,,cdi_sst_ca_1924-55_wk_prov,,unspecified,unspecified,ENT,,epidemic,is this strep throat?,,,,,,,,https://en.wikipedia.org/wiki/Sore_throat,,
septic-sore-throat,,,Septic Sore Throat (epidemic),,,,,,cdi_sst_ca_1924-55_wk_prov,,unspecified,unspecified,ENT,,epidemic,is this strep throat?,,,,,,,,https://en.wikipedia.org/wiki/Sore_throat,,
shingellosis,,,Shingellosis,,,,004,,cdi_ca_1979-83_4wk_prov_statcan,,bacterial,Shingella,GI,,,,,,,,,,,,,?? typo ??  perhaps Shigellosis ??
smallpox,,,Smallpox,,,,,,cdi_ca_1956_wk_prov_dbs,,viral,Variola,skin,,,,,smallpox,,,^smallpox,,,https://en.wikipedia.org/wiki/Smallpox,,
smallpox,,,Smallpox,,,,050,,cdi_ca_1979-83_4wk_prov_statcan,,viral,Variola,skin,,,,,smallpox,,,^smallpox,,,https://en.wikipedia.org/wiki/Smallpox,,
staphylococcal-food-poisoning,food-poisoning,,Food poisoning,Staphylococcus intoxication,,049.0,,,cdi_ca_1959_wk_prov_dbs_w4_52,intestinal-infectious-disease,bacterial,Staphylococcus,GI,,food-borne,,,food,,,,,,https://en.wikipedia.org/wiki/Foodborne_illness,,
staphylococcal-food-poisoning,food-poisoning,,Food Poisoning (bacterial),Staphylococcal,,005.0,,,cdi_ca_1975_wk_prov_statcan,intestinal-infectious-disease,bacterial,Staphylococcus,GI,,food-borne,,,food,,,,,,,,
staphylococcal-food-poisoning_ex-salmonella,food-poisoning,Intestinal infectious diseases,Food poisoning (bacterial) (excludes Salmonella food poisoning),Staphylococcal,,005.0,,,cdi_ca_1969_wk_prov,intestinal-infectious-disease,bacterial,Staphylococcus,GI,,food-borne,,,food,,,,,https://en.wikipedia.org/wiki/Intestinal_infectious_diseases,,,
strep-throat-scarlet-fever,scarlet-fever,,"Scarlet fever, etc.",,,,,,cdi_ca_1956_wk_prov_dbs,,bacterial,Streptococcus-pyogenes,unspecified,,,,,scarlet.fever,,,scarlet.fever,,,https://en.wikipedia.org/wiki/Scarlet_fever,,
strep-throat-scarlet-fever,scarlet-fever,,Scarlet fever and Streptococcal sore throat,,"050,051",,,,cdi_ca_1959_wk_prov_dbs_w4_52,,bacterial,Streptococcus-pyogenes,unspecified,,,,,scarlet.fever,,,scarlet.fever,,,https://en.wikipedia.org/wiki/Scarlet_fever,,
strep-throat-scarlet-fever,scarlet-fever,,Scarlet fever and Streptococcal sore throat,,"050, 051",,,,cdi_ca_1961_wk_prov_dbs,,bacterial,Streptococcus-pyogenes,unspecified,,,,,scarlet.fever,,,scarlet.fever,,,https://en.wikipedia.org/wiki/Scarlet_fever,,
strep-throat-scarlet-fever,scarlet-fever,Other bacterial diseases,Streptococcal sore throat and Scarlet fever.,,034,,,,cdi_ca_1969_wk_prov,,bacterial,Streptococcus-pyogenes,unspecified,,ENT-and-cardio,,,scarlet.fever,,,scarlet.fever,,,https://en.wikipedia.org/wiki/Scarlet_fever,,
strep-throat-scarlet-fever,scarlet-fever,,Streptococcal sore throat and scarelt fever,,034,,,,cdi_ca_1975_wk_prov_statcan,,bacterial,Streptococcus-pyogenes,ENT-and-cardio,,,,,,,,,,,,,duplicate and scarlet misspelt
syphilis,,,Venereal diseases,Syphilis,,020-029,,,cdi_ca_1959_wk_prov_dbs_w4_52,STI,bacterial,Treponema-pallidum,unspecified,,,,,,,,,,,https://en.wikipedia.org/wiki/Sexually_transmitted_infection,,
syphilis,,Venereal diseases,Syphilis,,090-097,,,,cdi_ca_1969_wk_prov,STI,bacterial,Treponema-pallidum,urogenital,,,,,syphilis,,,,,https://en.wikipedia.org/wiki/Sexually_transmitted_infection,https://en.wikipedia.org/wiki/Syphilis,,
syphilis,,,Syphilis,,090 to 097,,,,cdi_ca_1975_wk_prov_statcan,STI,bacterial,Treponema-pallidum,unspecified,,,,,syphilis,,,,,,https://en.wikipedia.org/wiki/Syphilis,,
syphilis,,,Syphilis,,090-097,,,,cdi_ca_1978_wk_prov_statcan,STI,bacterial,Treponema-pallidum,unspecified,,,,,syphilis,,,,,,https://en.wikipedia.org/wiki/Syphilis,,
syphilis,,,Syphilis,,,,,,cdi_syphall_ca_1924-55_wk_prov,STI,bacterial,Treponema-pallidum,unspecified,,,,,syphilis,,,,,,https://en.wikipedia.org/wiki/Syphilis,,
syphilis-congenital,syphilis,,"Syphilis, Congenital",,,,090,,cdi_ca_1993-2001_quart_prov_hc,STI,bacterial,Treponema-pallidum,unspecified,,,,,syphilis,,,,,,https://en.wikipedia.org/wiki/Congenital_syphilis,,
syphilis-congenital,syphilis,,Syphilis-prental (congenital),,,,,,cdi_syphcong_ca_1944-55_wk_prov,STI,bacterial,Treponema-pallidum,unspecified,,,,,syphilis,,,,,,,,duplicate
syphilis-congenital,syphilis,,Syphilis prenatal-(congenital),,,,,,cdi_syphcong_ca_1944-55_wk_prov,STI,bacterial,Treponema-pallidum,unspecified,,,,,syphilis,,,,,,https://en.wikipedia.org/wiki/Congenital_syphilis,,
syphilis-congenital,syphilis,,SYPHILIS PRENATAL-CONGENITAL,,,,,,cdi_syphcong_ca_1944-55_wk_prov,STI,bacterial,Treponema-pallidum,unspecified,,,,,syphilis,,,,,,https://en.wikipedia.org/wiki/Congenital_syphilis,,
syphilis-early,syphilis,,"Syphilis, Early, Symptomatic",,,,091,,cdi_ca_1984-89_4wk_prov_statcan,STI,bacterial,Treponema-pallidum,unspecified,,symptomatic,,,syphilis,,,,,,,,
syphilis-early,syphilis,,"Syphilis: Early, Symptomatic",,,,091,,cdi_ca_1984-89_4wk_prov_statcan,STI,bacterial,Treponema-pallidum,symptomatic,,,,,syphilis,,,,,,,,
syphilis-early,syphilis,,"Syphilis, Early Symptomatic",,,,091,,cdi_ca_1993-2001_quart_prov_hc,STI,bacterial,Treponema-pallidum,unspecified,,symptomatic,,,syphilis,,,,,,,,
syphilis-early-latent,syphilis,,"Syphilis, Earl Latent",,,,092,,cdi_ca_1993-2001_quart_prov_hc,STI,bacterial,Treponema-pallidum,unspecified,,,,,syphilis,,,,,,,,early misspelt
syphilis-early-primary-secondary,syphilis,,Syphilis Early (Primary and Secondary),,,,091,,cdi_ca_1979-83_4wk_prov_statcan,STI,bacterial,Treponema-pallidum,urogenital,,,,,syphilis,,,,,,,,
syphilis-early-primary-secondary,syphilis,,Syphilis,"Early, Symptomatic (Primary and Secondary)",,,,091,cdi_ca_1979-83_4wk_prov_statcan,STI,bacterial,Treponema-pallidum,urogenital,,symptomatic,,,syphilis,,,,,,https://en.wikipedia.org/wiki/Syphilis,,
syphilis-early-primary-secondary,syphilis,,"Syphilis Early, Symptomatic (Primary and Secondary)",,,,091,,cdi_ca_1984-89_4wk_prov_statcan,STI,bacterial,Treponema-pallidum,urogenital,,symptomatic,,,syphilis,,,,,,,,
syphilis-latent,syphilis,,Syphilis acquired-latent,,,,,,cdi_syphlatent_ca_1944-55_wk_prov,STI,bacterial,Treponema-pallidum,unspecified,,,,,(early|late).syphilis.*latent,,,,,,,,
syphilis-primary,syphilis,,Venereal diseases,"Syphilis, primary",,,,,cdi_ca_1956_wk_prov_dbs,STI,bacterial,Treponema-pallidum,urogenital,,,,,,syphilis,,,,,https://en.wikipedia.org/wiki/Sexually_transmitted_infection,https://en.wikipedia.org/wiki/Syphilis#Primary,
syphilis-primary,syphilis,,Syphilis acquired-primary,,,,,,cdi_syphprim_ca_1944-55_wk_prov,STI,bacterial,Treponema-pallidum,urogenital,,,,,early.syphilis,,,early.syphilis$,,,https://en.wikipedia.org/wiki/Syphilis#Primary,,
syphilis-secondary,syphilis,,Venereal diseases,"Syphilis, secondary",,,,,cdi_ca_1956_wk_prov_dbs,STI,bacterial,Treponema-pallidum,urogenital,,,,,,syphilis,,,,,https://en.wikipedia.org/wiki/Sexually_transmitted_infection,https://en.wikipedia.org/wiki/Syphilis#Secondary,
syphilis-secondary,syphilis,,Syphilis acquired-secondary,,,,,,cdi_syphsec_ca_1944-55_wk_prov,STI,bacterial,Treponema-pallidum,unspecified,,,,,late.syphilis,,,^late.syphilis$,,,https://en.wikipedia.org/wiki/Syphilis#Secondary,,
syphilis-tertiary-cardiovascular,syphilis,,"Syphilis, acquired-tertiary-cardiovascular",,,,,,cdi_syphtertcard_ca_1944-55_wk_prov,STI,bacterial,Treponema-pallidum,cardiovascular,,,,,syphilis,,,,,,https://en.wikipedia.org/wiki/Syphilis#Tertiary,,
syphilis-tertiary-cardiovascular,syphilis,,"Syphilis, Acquired-tertiary-cardiovascular",,,,,,cdi_syphtertcard_ca_1944-55_wk_prov,STI,bacterial,Treponema-pallidum,cardiovascular,,,,,syphilis,,,,,,https://en.wikipedia.org/wiki/Syphilis#Tertiary,,
syphilis-tertiary-cardiovascular,syphilis,,SYPPHILIS ACQUIRED-TERTIARY CARDIOVASCULAR,,,,,,cdi_syphtertcard_ca_1944-55_wk_prov,STI,bacterial,Treponema-pallidum,cardiovascular,,,,,syphilis,,,,,,https://en.wikipedia.org/wiki/Syphilis#Tertiary,,
syphilis-tertiary-neurosyphilis,syphilis,,Syphilis-acquired tertiary neurosyphilis,,,,,,cdi_syphtertneuro_ca_1944-55_wk_prov,STI,bacterial,Treponema-pallidum,CNS,,,,,neurosyphilis,,,^neurosyphilis,,,https://en.wikipedia.org/wiki/Neurosyphilis,,
syphilis-tertiary-neurosyphilis,syphilis,,Syphilis Acquired-Tertiary-neurosyphilis,,,,,,cdi_syphtertneuro_ca_1944-55_wk_prov,STI,bacterial,Treponema-pallidum,CNS,,,,,neurosyphilis,,,^neurosyphilis,,,https://en.wikipedia.org/wiki/Neurosyphilis,,
syphilis-tertiary-neurosyphilis,syphilis,,Syphilis-Acquired Tertiary neurosyphilis,,,,,,cdi_syphtertneuro_ca_1944-55_wk_prov,STI,bacterial,Treponema-pallidum,CNS,,,,,neurosyphilis,,,^neurosyphilis,,,https://en.wikipedia.org/wiki/Neurosyphilis,,
syphilis-tertiary-neurosyphilis,syphilis,,"Syphilis, Acquired-Tertiary-Neurosyphilis",,,,,,cdi_syphtertneuro_ca_1944-55_wk_prov,STI,bacterial,Treponema-pallidum,CNS,,,,,neurosyphilis,,,^neurosyphilis,,,https://en.wikipedia.org/wiki/Neurosyphilis,,
syphilis-tertiary-neurosyphilis,syphilis,,Syphilis-Acquired tertiary Neurosyphilis,,,,,,cdi_syphtertneuro_ca_1944-55_wk_prov,STI,bacterial,Treponema-pallidum,CNS,,,,,neurosyphilis,,,^neurosyphilis,,,https://en.wikipedia.org/wiki/Neurosyphilis,,
syphilis-tertiary-neurosyphilis,syphilis,,Syphilis acquired-tertiary-neurosyphilis,,,,,,cdi_syphtertneuro_ca_1944-55_wk_prov,STI,bacterial,Treponema-pallidum,CNS,,,,,neurosyphilis,,,^neurosyphilis,,,https://en.wikipedia.org/wiki/Neurosyphilis,,
syphilis-tertiary_ex-neurosyphilis_ex-cardiovascular,syphilis,,Syphilis-acquired-tertiary-other,,,,,,cdi_syphtertother_ca_1944-55_wk_prov,STI,unspecified,unspecified,unspecified,,,,,syphilis,,,,,,https://en.wikipedia.org/wiki/Syphilis#Tertiary,,
syphilis-tertiary_ex-neurosyphilis_ex-cardiovascular,syphilis,,SYPHILIS ACQUIRED-TERTIARY-OTHER,,,,,,cdi_syphtertother_ca_1944-55_wk_prov,STI,unspecified,unspecified,unspecified,,,,,syphilis,,,,,,https://en.wikipedia.org/wiki/Syphilis#Tertiary,,
syphilis_all-syphilis-early-primary-secondary-other,syphilis,,Total Syphilis,,,,090-097,,cdi_ca_1979-83_4wk_prov_statcan,STI,bacterial,Treponema-pallidum,unspecified,,,,,syphilis,,,,,,https://en.wikipedia.org/wiki/Syphilis,,
syphilis_ex-syphilis-early,syphilis,,Syphilis (Other),,,,097,,cdi_ca_1979-83_4wk_prov_statcan,STI,bacterial,Treponema-pallidum,unspecified,,,,,syphilis,,,^other.*unspec.*syphilis$,,,,,
syphilis_ex-syphilis-early,syphilis,,Syphilis (Other),,,,"090, 092-097",,cdi_ca_1979-83_4wk_prov_statcan,STI,bacterial,Treponema-pallidum,unspecified,,,,,syphilis,,,^other.*unspec.*syphilis$,,,,,
syphilis_ex-syphilis-early,syphilis,,Syphilis,Other,,,,"090, 092-097",cdi_ca_1979-83_4wk_prov_statcan,STI,bacterial,Treponema-pallidum,urogenital,,,,,syphilis,,,,,,https://en.wikipedia.org/wiki/Syphilis,,
syphilis_ex-syphilis-early,syphilis,,"Syphilis, Other",,,,"090, 092-097",,cdi_ca_1984-89_4wk_prov_statcan,STI,bacterial,Treponema-pallidum,unspecified,,,,,syphilis,,,,,,,,
syphilis_ex-syphilis-early,syphilis,,Other Syphilis,,,,"090, 092-097",,cdi_ca_1984-89_4wk_prov_statcan,STI,bacterial,Treponema-pallidum,urogenital,,,,,syphilis,,,,,,https://en.wikipedia.org/wiki/Syphilis,,
syphilis_ex-syphilis-early,syphilis,,Other Syphilis,,,,,,cdi_syphother_ca_1944-51_wk_prov,STI,bacterial,Treponema-pallidum,urogenital,,,,,syphilis,,,,,,https://en.wikipedia.org/wiki/Syphilis,,
syphilis_ex-syphilis-primary_ex-syphilis-secondary,syphilis,,Venereal diseases,"Syphilis, other",,,,,cdi_ca_1956_wk_prov_dbs,STI,bacterial,Treponema-pallidum,urogenital,,,,,,syphilis,,,,,https://en.wikipedia.org/wiki/Sexually_transmitted_infection,,
syphilis_unspecified,syphilis,,Syphilis-type undetermined,,,,,,cdi_syphunspec_ca_1944-55_wk_prov,STI,unspecified,unspecified,unspecified,,,,,syphilis,,,,,,,,
syphilis_unspecified,syphilis,,SYPHILIS-TYPE UNDETERMINED,,,,,,cdi_syphunspec_ca_1944-55_wk_prov,STI,unspecified,unspecified,unspecified,,,,,syphilis,,,,,,,,
tetanus,,,Tetanus,,,,037,,cdi_ca_1979-83_4wk_prov_statcan,,bacterial,Clostridium tetani,neuromuscular,,,,,tetanus,,,,,,https://en.wikipedia.org/wiki/Tetanus,,
trichinosis,,,Trichinosis,,,,124,,cdi_ca_1979-83_4wk_prov_statcan,,parasite,Trichinella,GI,,,,,trichinellosis,,,trichinellosis,,,https://en.wikipedia.org/wiki/Trichinosis,,
tuberculosis,,,Active Tuberculosis,,010-018,,,,cdi_ca_1977_wk_prov_statcan,,bacterial,Mycobacterium-tuberculosis,respiratory,lungs,,,,tuberculosis,,,respiratory tuberculosis,,,https://en.wikipedia.org/wiki/Tuberculosis,,
tuberculosis,,,Tuberculosis,,,,010-018,,cdi_ca_1979-83_4wk_prov_statcan,,bacterial,Mycobacterium-tuberculosis,unspecified,,,,,tuberculosis,,,respiratory tuberculosis,,,https://en.wikipedia.org/wiki/Tuberculosis,,
tuberculosis,,,Tuberculosis**,,,,010-018,,cdi_ca_1993-2001_quart_prov_hc,,bacterial,Mycobacterium-tuberculosis,unspecified,,,,,tuberculosis,,,respiratory tuberculosis,,,https://en.wikipedia.org/wiki/Tuberculosis,,
tuberculosis-non-pulmonary,tuberculosis,,Tuberculosis,Non-pulmonary,,,,,cdi_ca_1956_wk_prov_dbs,,bacterial,Mycobacterium-tuberculosis,unspecified,,,,,tuberculosis,,,respiratory tuberculosis,,,https://en.wikipedia.org/wiki/Tuberculosis,,
tuberculosis-non-pulmonary,tuberculosis,,Tuberculosis,Bacteriologically Confirmed: Non-Respiratory,,,,013-018,cdi_ca_1979-83_4wk_prov_statcan,,bacterial,Mycobacterium-tuberculosis,unspecified,,bacteriologically-confirmed,,,tuberculosis,,,respiratory tuberculosis,,,https://en.wikipedia.org/wiki/Tuberculosis,,
tuberculosis-non-pulmonary,tuberculosis,,Tuberculosis,Not Bacteriologically Confirmed: Non-Respiratory,,,,013-018,cdi_ca_1979-83_4wk_prov_statcan,,bacterial,Mycobacterium-tuberculosis,unspecified,,not-bacteriologically-confirmed,,,tuberculosis,,,respiratory tuberculosis,,,https://en.wikipedia.org/wiki/Tuberculosis,,
tuberculosis-non-pulmonary,tuberculosis,,Tuberculosis (non Pulmonary),,,,,,cdi_tbnpulm_ca_1935-55_wk_prov,,bacterial,Mycobacterium-tuberculosis,unspecified,,,,,tuberculosis,,,,,,https://en.wikipedia.org/wiki/Extrapulmonary_tuberculosis,,
tuberculosis-non-pulmonary,tuberculosis,,Tuberculosis (b) Non-Pulmonary,,,,,,cdi_tbnpulm_ca_1935-55_wk_prov,,bacterial,Mycobacterium-tuberculosis,unspecified,,,,,tuberculosis,,,,,,https://en.wikipedia.org/wiki/Extrapulmonary_tuberculosis,,
tuberculosis-non-pulmonary,tuberculosis,,Tuberculosis (b) non Pulmonary,,,,,,cdi_tbnpulm_ca_1935-55_wk_prov,,bacterial,Mycobacterium-tuberculosis,unspecified,,,,,tuberculosis,,,,,,,,duplicate of next entry
tuberculosis-primary,tuberculosis,,Primary Tuberculosis,,,,010,,cdi_ca_1979-83_4wk_prov_statcan,,bacterial,Mycobacterium-tuberculosis,respiratory,lungs,,,,tuberculosis,,,respiratory tuberculosis,,,https://en.wikipedia.org/wiki/Tuberculosis,,
tuberculosis-pulmonary,tuberculosis,,Tuberculosis,Pulmonary,,,,,cdi_ca_1956_wk_prov_dbs,,bacterial,Mycobacterium-tuberculosis,respiratory,lungs,,,,tuberculosis,,,respiratory tuberculosis,,,https://en.wikipedia.org/wiki/Tuberculosis,,
tuberculosis-pulmonary,tuberculosis,,Tuberculosis,Bacteriologically Confirmed: Respiratory,,,,"011, 012",cdi_ca_1979-83_4wk_prov_statcan,,bacterial,Mycobacterium-tuberculosis,respiratory,lungs,bacteriologically-confirmed,,,tuberculosis,,,respiratory tuberculosis,,,https://en.wikipedia.org/wiki/Tuberculosis,,
tuberculosis-pulmonary,tuberculosis,,Tuberculosis,Not Bacteriologically Confirmed: Respiratory,,,,"011, 012",cdi_ca_1979-83_4wk_prov_statcan,,bacterial,Mycobacterium-tuberculosis,respiratory,lungs,not-bacteriologically-confirmed,,,tuberculosis,,,respiratory tuberculosis,,,https://en.wikipedia.org/wiki/Tuberculosis,,
tuberculosis-pulmonary,tuberculosis,,Tuberculosis (Pulmonary),,,,,,cdi_tbpulm_ca_1933-55_wk_prov,,bacterial,Mycobacterium-tuberculosis,respiratory,lungs,,,,tuberculosis,,,,,,https://en.wikipedia.org/wiki/Tuberculosis#Pulmonary,,
tuberculosis-pulmonary,tuberculosis,,Tuberculosis (a) Pulmonary,,,,,,cdi_tbpulm_ca_1933-55_wk_prov,,bacterial,Mycobacterium-tuberculosis,respiratory,lungs,,,,tuberculosis,,,,,,https://en.wikipedia.org/wiki/Tuberculosis#Pulmonary,,
tuberculosis-pulmonary,tuberculosis,,Tuberculosis (0) Pulmonary,,,,,,cdi_tbpulm_ca_1933-55_wk_prov,,bacterial,Mycobacterium-tuberculosis,respiratory,lungs,,,,tuberculosis,,,,,,https://en.wikipedia.org/wiki/Tuberculosis#Pulmonary,,
tuberculosis-pulmonary,,,Tuberculosis,Pulmonary,,"001, 002",,,cdi_ca_1959_wk_prov_dbs_w4_52,,,,,,,,,,,,,,,,,
tuberculosis_all-tuberculosis-pulmonary-tuberculosis-non-pulmonary-tuberculosis-unspecified,tuberculosis,,Tuberculosis,,,,,,cdi_ca_1956_wk_prov_dbs,,bacterial,Mycobacterium-tuberculosis,unspecified,,,,,tuberculosis,,,respiratory tuberculosis,,,https://en.wikipedia.org/wiki/Tuberculosis,,
tuberculosis_ex-pumonary_ex-non-pulomnary,tuberculosis,,Tuberculosis (other forms),,,,,,cdi_tbmisc_ca_1933-55_wk_prov,,bacterial,Mycobacterium-tuberculosis,unspecified,,,,,tuberculosis,,,,,,,,
tuberculosis_unspecified,tuberculosis,,Tuberculosis (not stated),,,,,,cdi_tbunspec_ca_1933-55_wk_prov,,bacterial,Mycobacterium-tuberculosis,unspecified,,,,,tuberculosis,,,,,,,,
tuberculosis_unspecified,tuberculosis,,Tuberculosis type not stated,,,,,,cdi_tbunspec_ca_1933-55_wk_prov,,bacterial,Mycobacterium-tuberculosis,unspecified,,,,,tuberculosis,,,,,,,,
tuberculosis_unspecified,tuberculosis,,Tuberculosis (type not stated),,,,,,cdi_tbunspec_ca_1933-55_wk_prov,,bacterial,Mycobacterium-tuberculosis,unspecified,,,,,tuberculosis,,,,,,,,
tuberculosis_unspecified,,,Tuberculosis,Other and unspecified,,003-019,,,cdi_ca_1959_wk_prov_dbs_w4_52,,,,,,,,,,,,,,,,,
typhoid-fever,typhoid-paratyphoid-fever,Intestinal infectious diseases,Typhoid fever,,001,,,,cdi_ca_1969_wk_prov,intestinal-infectious-disease,bacterial,Salmonella-typhi,GI,,,,,typhoid,,,typhoid.fever$,,https://en.wikipedia.org/wiki/Intestinal_infectious_diseases,https://en.wikipedia.org/wiki/Typhoid_fever,,
typhoid-fever,typhoid-paratyphoid-fever,,Typhoid,,001,,,,cdi_ca_1975_wk_prov_statcan,intestinal-infectious-disease,bacterial,Salmonella-typhi,GI,,,,,typhoid,,,typhoid.fever$,,,https://en.wikipedia.org/wiki/Typhoid_fever,,
typhoid-fever,typhoid-paratyphoid-fever,,Typhoid,,,,002.0,,cdi_ca_1979-83_4wk_prov_statcan,intestinal-infectious-disease,bacterial,Salmonella-typhi,GI,,,,,typhoid,,,typhoid.fever$,,,https://en.wikipedia.org/wiki/Typhoid_fever,,
typhoid-fever,typhoid-paratyphoid-fever,,Typhoid Fever,,,,,,cdi_typh_ca_1924-52_wk_prov,intestinal-infectious-disease,bacterial,Salmonella-typhi,GI,,,,,typhoid,,,typhoid.fever$,,,https://en.wikipedia.org/wiki/Typhoid_fever,,
typhoid-paratyphoid-fever,,,Typhoid and paratyphoid,,,,,,cdi_ca_1956_wk_prov_dbs,intestinal-infectious-disease,bacterial,unspecified,GI,,,,,typhoid,,,typhoid.and.para,,,https://en.wikipedia.org/wiki/Paratyphoid_fever,,
typhoid-paratyphoid-fever,,,Typhoid and Paratyphoid fever,,"040, 041",,,,cdi_ca_1959_wk_prov_dbs_w4_52,intestinal-infectious-disease,bacterial,unspecified,GI,,,,,typhoid,,,typhoid.and.para,,,https://en.wikipedia.org/wiki/Paratyphoid_fever,,
typhoid-paratyphoid-fever,,,Typhoid and Paratyphoid,,,,,,cdi_typhpara_ca_1952-55_wk_prov,intestinal-infectious-disease,bacterial,unspecified,GI,,,,,typhoid,,,typhoid.and.para,,,https://en.wikipedia.org/wiki/Paratyphoid_fever,,
verotoxigenic-Escherichia-coli,,,Verotoxigenic E. coli,,,,008.01*,,cdi_ca_1990-1992_mn_prov_hc,,bacterial,verotoxigenic-E-coli,GI,,,,,esch.*coli,,,,,,https://en.wikipedia.org/wiki/Shigatoxigenic_and_verotoxigenic_Escherichia_coli,,
verotoxigenic-Escherichia-coli,,,Verotoxigenic E. coli,,,,008.01,,cdi_ca_1993-2001_quart_prov_hc,,bacterial,verotoxigenic-E-coli,GI,,,,,esch.*coli,,,,,,https://en.wikipedia.org/wiki/Shigatoxigenic_and_verotoxigenic_Escherichia_coli,,
viral-hemorrhagic-fever_ex-lassa-fever,,,Viral Haemorrhagic Fever (excluding Lassa Fever 078.8),,,,"065, 078",,cdi_ca_1979-83_4wk_prov_statcan,,viral,unspecified,unspecified,,,,,,,,,,,,,
whooping-cough,,,Whooping cough,,,,,,cdi_ca_1956_wk_prov_dbs,,bacterial,Bordatella-pertussis,respiratory,,,,,pertussis,,,whoop.*la.pertussis$,,,https://en.wikipedia.org/wiki/Whooping_cough,,
whooping-cough,,,Pertussis (Whooping cough),,056,,,,cdi_ca_1959_wk_prov_dbs_w4_52,,bacterial,Bordatella-pertussis,respiratory,,,,,pertussis,,,whoop.*la.pertussis$,,,https://en.wikipedia.org/wiki/Whooping_cough,,
whooping-cough,,Other bacterial diseases,Whooping cough,,033,,,,cdi_ca_1969_wk_prov,,bacterial,Bordatella-pertussis,respiratory,,,,,pertussis,,,whoop.*la.pertussis$,,,https://en.wikipedia.org/wiki/Whooping_cough,,
whooping-cough,,,Whooping cough,,033,,,,cdi_ca_1975_wk_prov_statcan,,bacterial,Bordatella-pertussis,respiratory,,,,,pertussis,,,whoop.*la.pertussis$,,,https://en.wikipedia.org/wiki/Whooping_cough,,
whooping-cough,,,Pertussis,,,,033,,cdi_ca_1979-83_4wk_prov_statcan,,bacterial,Bordatella-pertussis,respiratory,,,,,pertussis,,,whoop.*la.pertussis$,,,https://en.wikipedia.org/wiki/Whooping_cough,,
whooping-cough,,,Whooping Cough,,,,,,cdi_wc_ca_1924_wk_prov,,bacterial,Bordatella-pertussis,respiratory,,,,,pertussis,,,whoop.*la.pertussis$,,,https://en.wikipedia.org/wiki/Whooping_cough,,
yellow-fever,,,Yellow Fever,,,,060,,cdi_ca_1979-83_4wk_prov_statcan,,viral,yellow-fever,unspecified,,,,,yellow.fever,,,yellow.fever,,,https://en.wikipedia.org/wiki/Yellow_fever,,
yellow-fever,,,Yellow Fever,,,,,,cdi_yf_ca_1945-1955_wk_prov,,viral,yellow-fever,unspecified,,,,,yellow.fever,,,yellow.fever,,,https://en.wikipedia.org/wiki/Yellow_fever,,
